{"width":3750,"height":650,"enemies":{},"terrain":{"0.050629079368534224":{"id":0.050629079368534224,"x":0,"y":250,"width":50,"height":50,"img":{},"type":"Terrain1x1"},"0.45170703196741835":{"id":0.45170703196741835,"x":50,"y":250,"width":50,"height":50,"img":{},"type":"Terrain1x1"},"0.8008633874041993":{"id":0.8008633874041993,"x":100,"y":250,"width":50,"height":50,"img":{},"type":"Terrain1x1"},"0.2986675020932892":{"id":0.2986675020932892,"x":150,"y":250,"width":50,"height":50,"img":{},"type":"Terrain1x1"},"0.22507195647822154":{"id":0.22507195647822154,"x":200,"y":250,"width":50,"height":50,"img":{},"type":"Terrain1x1"},"0.9981644253791251":{"id":0.9981644253791251,"x":250,"y":250,"width":50,"height":50,"img":{},"type":"Terrain1x1"},"0.723222924172978":{"id":0.723222924172978,"x":300,"y":250,"width":50,"height":50,"img":{},"type":"Terrain1x1"},"0.34072088096280084":{"id":0.34072088096280084,"x":350,"y":250,"width":50,"height":50,"img":{},"type":"Terrain1x1"},"0.7384809923260729":{"id":0.7384809923260729,"x":400,"y":250,"width":50,"height":50,"img":{},"type":"Terrain1x1"},"0.7522140421815315":{"id":0.7522140421815315,"x":450,"y":250,"width":50,"height":50,"img":{},"type":"Terrain1x1"},"0.021750058137121497":{"id":0.021750058137121497,"x":500,"y":250,"width":50,"height":50,"img":{},"type":"Terrain1x1"},"0.8072964535283036":{"id":0.8072964535283036,"x":550,"y":250,"width":50,"height":50,"img":{},"type":"Terrain1x1"},"0.6770934083595093":{"id":0.6770934083595093,"x":600,"y":250,"width":50,"height":50,"img":{},"type":"Terrain1x1"},"0.24898617031417203":{"id":0.24898617031417203,"x":650,"y":250,"width":50,"height":50,"img":{},"type":"Terrain1x1"},"0.1878716369285185":{"id":0.1878716369285185,"x":700,"y":250,"width":50,"height":50,"img":{},"type":"Terrain1x1"},"0.7964166684262399":{"id":0.7964166684262399,"x":750,"y":250,"width":50,"height":50,"img":{},"type":"Terrain1x1"},"0.5193508896096657":{"id":0.5193508896096657,"x":800,"y":250,"width":50,"height":50,"img":{},"type":"Terrain1x1"},"0.6004114294075027":{"id":0.6004114294075027,"x":850,"y":250,"width":50,"height":50,"img":{},"type":"Terrain1x1"},"0.7787336004007608":{"id":0.7787336004007608,"x":900,"y":250,"width":50,"height":50,"img":{},"type":"Terrain1x1"},"0.8187653725260826":{"id":0.8187653725260826,"x":950,"y":250,"width":50,"height":50,"img":{},"type":"Terrain1x1"},"0.63068429011534":{"id":0.63068429011534,"x":1000,"y":250,"width":50,"height":50,"img":{},"type":"Terrain1x1"},"0.35600989033941777":{"id":0.35600989033941777,"x":1050,"y":250,"width":50,"height":50,"img":{},"type":"Terrain1x1"},"0.497212487868242":{"id":0.497212487868242,"x":1100,"y":250,"width":50,"height":50,"img":{},"type":"Terrain1x1"},"0.537288779557271":{"id":0.537288779557271,"x":1150,"y":250,"width":50,"height":50,"img":{},"type":"Terrain1x1"},"0.7727320632580144":{"id":0.7727320632580144,"x":1300,"y":250,"width":50,"height":50,"img":{},"type":"Terrain1x1"},"0.3995377952767012":{"id":0.3995377952767012,"x":1450,"y":250,"width":50,"height":50,"img":{},"type":"Terrain1x1"},"0.34685607187430456":{"id":0.34685607187430456,"x":1650,"y":250,"width":50,"height":50,"img":{},"type":"Terrain1x1"},"0.4684545459342453":{"id":0.4684545459342453,"x":1800,"y":250,"width":50,"height":50,"img":{},"type":"Terrain1x1"},"0.37478193668628146":{"id":0.37478193668628146,"x":1950,"y":250,"width":50,"height":50,"img":{},"type":"Terrain1x1"},"0.7332372895797299":{"id":0.7332372895797299,"x":2000,"y":250,"width":50,"height":50,"img":{},"type":"Terrain1x1"},"0.4341729031466506":{"id":0.4341729031466506,"x":2050,"y":250,"width":50,"height":50,"img":{},"type":"Terrain1x1"},"0.9039600876128757":{"id":0.9039600876128757,"x":2100,"y":250,"width":50,"height":50,"img":{},"type":"Terrain1x1"},"0.00487276163964423":{"id":0.00487276163964423,"x":2150,"y":250,"width":50,"height":50,"img":{},"type":"Terrain1x1"},"0.016220610988021855":{"id":0.016220610988021855,"x":1900,"y":250,"width":50,"height":50,"img":{},"type":"Terrain1x1"},"0.5961218740899459":{"id":0.5961218740899459,"x":1850,"y":250,"width":50,"height":50,"img":{},"type":"Terrain1x1"},"0.7951978967293536":{"id":0.7951978967293536,"x":1750,"y":250,"width":50,"height":50,"img":{},"type":"Terrain1x1"},"0.7791645681377088":{"id":0.7791645681377088,"x":1700,"y":250,"width":50,"height":50,"img":{},"type":"Terrain1x1"},"0.832701275548765":{"id":0.832701275548765,"x":1600,"y":250,"width":50,"height":50,"img":{},"type":"Terrain1x1"},"0.876816001715329":{"id":0.876816001715329,"x":1550,"y":250,"width":50,"height":50,"img":{},"type":"Terrain1x1"},"0.9550492552686503":{"id":0.9550492552686503,"x":1500,"y":250,"width":50,"height":50,"img":{},"type":"Terrain1x1"},"0.9336814097398631":{"id":0.9336814097398631,"x":1400,"y":250,"width":50,"height":50,"img":{},"type":"Terrain1x1"},"0.572956803863051":{"id":0.572956803863051,"x":1350,"y":250,"width":50,"height":50,"img":{},"type":"Terrain1x1"},"0.5585359242613854":{"id":0.5585359242613854,"x":1250,"y":250,"width":50,"height":50,"img":{},"type":"Terrain1x1"},"0.8426138615467018":{"id":0.8426138615467018,"x":1200,"y":250,"width":50,"height":50,"img":{},"type":"Terrain1x1"},"0.7026447186337212":{"id":0.7026447186337212,"x":1250,"y":-50,"width":50,"height":300,"health":40,"breakAt":4800,"img":{},"type":"Terrain1x6Breakable"}},"player":{"0.3161100499327103":{"type":"player","id":0.3161100499327103,"x":100,"y":200,"vx":0,"vy":0,"width":50,"height":50,"img":{},"color":"red","acceleration":1.6666666666666667,"maxVelocityX":10,"maxVelocityY":30,"health":100,"weapon":{"type":"pistol","id":1,"x":100,"y":500,"vx":0,"vy":0,"width":40,"height":40,"img":{},"color":"blue","isWeapon":true,"firingRate":2,"bulletSpeed":12,"bulletType":"normal","range":100,"ammo":20,"fireTimer":0,"maxFireTimer":8,"isFiring":false},"mass":80,"jumpSpeed":10,"meleeDamage":5,"slowDownFactor":3,"attackCounter":100,"aimAngle":0,"isImmune":false,"immuneCounter":0,"jumpBuffer":0,"justJumped":false,"isLaunched":false,"launchTimerMax":25,"falling":false,"xOffset":25,"yOffset":25,"ax":0,"ay":0,"aniCount":0,"maxHealth":100,"transformCounter":100,"leftCounter":0,"rightCounter":0,"smallSpeed":5,"isBig":false,"doubleJumped":false,"crouchHeight":25,"isCrouching":false,"meleeRadius":15,"maxMomentum":9600,"hasBoulder":false,"pickUpBoulderTimer":21,"throwBoulderTimer":21,"isStopped":false,"transformAniTimer":0}},"name":"level"}